<?xml version="1.0" encoding="UTF-8"?>
<beans xmlns="http://www.springframework.org/schema/beans"
	xmlns:xsi="http://www.w3.org/2001/XMLSchema-instance"
	xmlns:mybatis-spring="http://mybatis.org/schema/mybatis-spring"
	xmlns:context="http://www.springframework.org/schema/context"
	xmlns:tx="http://www.springframework.org/schema/tx"
	xmlns:task="http://www.springframework.org/schema/task"
	xsi:schemaLocation="http://mybatis.org/schema/mybatis-spring http://mybatis.org/schema/mybatis-spring-1.2.xsd
		http://www.springframework.org/schema/task http://www.springframework.org/schema/task/spring-task-4.3.xsd
		http://www.springframework.org/schema/beans https://www.springframework.org/schema/beans/spring-beans.xsd
		http://www.springframework.org/schema/context http://www.springframework.org/schema/context/spring-context-4.3.xsd
		http://www.springframework.org/schema/tx http://www.springframework.org/schema/tx/spring-tx-4.3.xsd">

	<!-- Root Context: defines shared resources visible to all other web components -->
	<bean id="hikariConfig" class="com.zaxxer.hikari.HikariConfig">
		<!--<property name="driverClassName" value="com.mysql.jdbc.Driver"></property> 
			<property name="jdbcUrl" value="jdbc:mysql://localhost:3306/ksj?serverTimezone=Asia/Seoul"></property> -->

		<property name="driverClassName"
			value="net.sf.log4jdbc.sql.jdbcapi.DriverSpy"></property>
		<property name="jdbcUrl"
			value="jdbc:log4jdbc:mysql://localhost:3306/blog?serverTimezone=Asia/Seoul"></property>
		<property name="username" value="root"></property>
		<property name="password" value="1228"></property>
	</bean>

	<bean id="datasource" class="com.zaxxer.hikari.HikariDataSource"
		destroy-method="close">
		<constructor-arg ref="hikariConfig"></constructor-arg>
	</bean>
	<bean id="sqlSessionFactory"
		class="org.mybatis.spring.SqlSessionFactoryBean">
		<property name="dataSource" ref="datasource"></property>
	</bean>
	<!-- gmail설정 -->
	<!-- <bean id="mailSender" class="org.springframework.mail.javamail.JavaMailSenderImpl"> 
		<property name="host" value="smtp.gmail.com" /> <property name="port" value="587" 
		/> <property name="username" value="tlacksgml97@gmail.com" /> <property name="password" 
		value="tlacksgml12?" /> <property name="javaMailProperties"> <props> <prop 
		key="mail.smtp.auth">true</prop> <prop key="mail.smtp.starttls.enable">true</prop> 
		<prop key="mail.smtp.auth">true</prop> <prop key="mail.smtp.starttls.enable">true</prop> 
		<prop key="mail.smtps.checkserveridentity">true</prop> <prop key="mail.smtps.ssl.trust">*</prop> 
		<prop key="mail.debug">true</prop> <prop key="mail.smtp.socketFactory.class">javax.net.ssl.SSLSocketFactory</prop> 
		<prop key="mail.smtp.ssl.enable">true</prop> <prop key="mail.smtp.ssl.protocols">TLSv1.2</prop> 
		</props> </property> </bean> -->

	<!-- navermail설정 -->
	<bean id="mailSender"
		class="org.springframework.mail.javamail.JavaMailSenderImpl">
		<property name="host" value="smtp.naver.com" />
		<property name="port" value="465" />
		<property name="username" value="tlacksgml97@naver.com" />
		<property name="password" value="whjd5918" />

		<property name="javaMailProperties">
			<props>
				<prop key="mail.smtp.auth">true</prop>
				<prop key="mail.smtp.starttls.enable">true</prop>
				<prop key="mail.smtps.checkserveridentity">true</prop>
				<prop key="mail.smtps.ssl.trust">*</prop>
				<prop key="mail.debug">true</prop>
				<prop key="mail.smtp.socketFactory.class">javax.net.ssl.SSLSocketFactory</prop>
				<prop key="mail.smtp.ssl.enable">true</prop>
				<prop key="mail.smtp.ssl.protocols">TLSv1.2</prop>
			</props>
		</property>
	</bean>
	<bean id="transactionManager"
		class="org.springframework.jdbc.datasource.DataSourceTransactionManager">
		<property name="dataSource" ref="datasource"></property>
	</bean>

	<tx:annotation-driven />

	

	<context:component-scan
		base-package="com.kicksim.sample"></context:component-scan>

	<mybatis-spring:scan
		base-package="com.kicksim.mapper" />
	<context:component-scan
		base-package="com.kicksim.model"></context:component-scan>
	<context:component-scan
		base-package="com.kicksim.service"></context:component-scan>
	

</beans>
